{"cameraMode":{"drawMode":0,"name":"Shaded","section":"Shading Mode"},"sceneLighting":true,"audioPlay":false,"sceneViewState":{"showFog":true,"showMaterialUpdate":false,"showSkybox":true,"showFlares":true,"showImageEffects":true,"showParticleSystems":true},"in2DMode":false,"pivot":{"x":1.4558961391448975,"y":-14.164712905883789,"z":-13.037769317626954},"rotation":{"x":0.03270809352397919,"y":0.9341922998428345,"z":-0.3439842462539673,"w":0.08882857114076615},"size":21.95650863647461,"orthographic":false}