{"cameraMode":{"drawMode":0,"name":"Shaded","section":"Shading Mode"},"sceneLighting":true,"audioPlay":false,"sceneViewState":{"showFog":true,"showMaterialUpdate":true,"showSkybox":true,"showFlares":true,"showImageEffects":true,"showParticleSystems":true},"in2DMode":false,"pivot":{"x":-24.02349853515625,"y":-4.753871917724609,"z":28.874221801757814},"rotation":{"x":-0.07318168133497238,"y":0.8993585705757141,"z":-0.16533784568309785,"w":-0.3980734050273895},"size":28.585769653320314,"orthographic":false}